District Name,SPED_ENR_N,TOTAL_ENR,SPED_PROP,PS_RCGT80_%,PS_RC4079_%,PS_RCL40_%,PS_SSOS_%,PS_PSS_%,PS_MUK_%,RB,RB_PROP,RI,RI_PROP,RA,RA_PROP,RF,RF_PROP,RH,RH_PROP,RD,RD_PROP,RP,RP_PROP,RT,RT_PROP,RW,RW_PROP,state,urban code,city,Cluster
abc unified,2244.0,18081.0,0.1241081798573087,55.2,19.3,19.1,1.2,5.3,0,193,0.0860071301247771,0,0.0,261,0.1163101604278075,172,0.0766488413547237,1317,0.5868983957219251,66,0.0294117647058823,14,0.0062388591800356,84,0.0374331550802139,134,0.0597147950089126,CA,13,CERRITOS,1
acton-agua dulce unified,2248.0,12875.0,0.1746019417475728,90.4,5.1,3.8,0.3,0.4,0,210,0.0934163701067615,12,0.0053380782918149,37,0.016459074733096,0,0.0,1341,0.5965302491103203,63,0.0280249110320284,0,0.0,114,0.0507117437722419,459,0.2041814946619217,CA,41,ACTON,0
adelanto elementary,1144.0,8348.0,0.1370388116914231,52.3,12.7,32.3,2.0,0.8,0,249,0.2176573426573426,0,0.0,0,0.0,0,0.0,725,0.6337412587412588,43,0.0375874125874125,0,0.0,46,0.0402097902097902,65,0.0568181818181818,CA,41,ADELANTO,1
alameda county office of education,440.0,3914.0,0.1124169647419519,89.3,4.1,2.3,3.6,0.7,0,100,0.2272727272727272,0,0.0,38,0.0863636363636363,0,0.0,226,0.5136363636363637,0,0.0,0,0.0,36,0.0818181818181818,22,0.05,CA,41,HAYWARD,0
albany city unified,334.0,3574.0,0.0934527140458869,70.4,16.5,5.1,2.7,5.4,0,25,0.0748502994011976,0,0.0,76,0.2275449101796407,0,0.0,75,0.2245508982035928,19,0.0568862275449101,0,0.0,38,0.1137724550898203,97,0.2904191616766467,CA,21,ALBANY,0
alhambra unified,1529.0,14602.0,0.1047116833310505,56.2,18.0,18.2,3.7,3.9,0,17,0.0111183780248528,0,0.0,399,0.2609548724656638,35,0.0228907782864617,978,0.6396337475474166,11,0.0071942446043165,0,0.0,51,0.0333551340745585,36,0.0235448005232177,CA,21,ALHAMBRA,1
alum rock union elementary,1262.0,8668.0,0.1455929856945085,57.7,11.4,18.8,0.5,11.6,0,11,0.0087163232963549,0,0.0,108,0.0855784469096671,36,0.028526148969889,1053,0.8343898573692552,0,0.0,0,0.0,23,0.0182250396196513,25,0.019809825673534,CA,11,SAN JOSE,1
anaheim union high,3929.0,27195.0,0.1444750873322302,51.7,27.8,14.3,6.2,0.0,0,117,0.0297785696105879,15,0.0038177653346907,231,0.0587935861542377,83,0.0211249681852888,3022,0.7691524560956986,18,0.0045813184016289,12,0.0030542122677526,72,0.0183252736065156,359,0.0913718503435988,CA,11,ANAHEIM,2
antelope valley union high,3930.0,22602.0,0.1738784178391292,36.6,32.9,27.7,2.7,0.0,0,962,0.2447837150127226,12,0.0030534351145038,16,0.0040712468193384,24,0.0061068702290076,2362,0.6010178117048346,25,0.0063613231552162,0,0.0,172,0.043765903307888,351,0.0893129770992366,CA,21,LANCASTER,2
antioch unified,2796.0,16045.0,0.17425989404799,49.7,13.9,24.9,5.8,5.7,0,844,0.3018597997138769,13,0.0046494992846924,70,0.025035765379113,82,0.0293276108726752,1268,0.4535050071530758,0,0.0,37,0.0132331902718168,152,0.0543633762517882,329,0.1176680972818311,CA,22,ANTIOCH,1
apple valley unified,2012.0,15252.0,0.1319171256228691,44.8,15.5,33.4,4.3,2.0,0,233,0.1158051689860834,0,0.0,12,0.0059642147117296,0,0.0,1098,0.5457256461232605,0,0.0,0,0.0,64,0.0318091451292246,582,0.2892644135188866,CA,22,APPLE VALLEY,1
arcadia unified,720.0,8988.0,0.0801068090787717,51.3,16.7,20.7,1.4,10.0,0,20,0.0277777777777777,0,0.0,290,0.4027777777777778,28,0.0388888888888888,244,0.3388888888888889,13,0.0180555555555555,0,0.0,35,0.0486111111111111,86,0.1194444444444444,CA,13,ARCADIA,1
atascadero unified,684.0,4338.0,0.1576763485477178,64.9,13.6,12.1,0.3,9.1,0,16,0.023391812865497,0,0.0,0,0.0,0,0.0,226,0.3304093567251462,11,0.0160818713450292,0,0.0,22,0.0321637426900584,387,0.5657894736842105,CA,23,ATASCADERO,1
azusa unified,1040.0,6370.0,0.1632653061224489,52.1,17.3,22.0,1.9,6.6,0,17,0.0163461538461538,0,0.0,16,0.0153846153846153,13,0.0125,930,0.8942307692307693,23,0.0221153846153846,0,0.0,0,0.0,33,0.0317307692307692,CA,21,AZUSA,1
baldwin park unified,2069.0,10196.0,0.2029227147901137,51.6,17.1,21.9,1.2,8.1,0,13,0.0062832286128564,0,0.0,74,0.0357660705654905,27,0.0130497825036249,1911,0.9236346060898984,0,0.0,0,0.0,0,0.0,32,0.0154664088931851,CA,21,BALDWIN PARK,1
beaumont unified,2536.0,18137.0,0.1398246678061421,69.3,11.0,13.1,0.9,5.7,0,208,0.0820189274447949,19,0.0074921135646687,44,0.0173501577287066,36,0.0141955835962145,1383,0.5453470031545742,17,0.0067034700315457,0,0.0,149,0.0587539432176656,673,0.265378548895899,CA,21,BEAUMONT,0
bellflower unified,1705.0,9813.0,0.1737491083256904,53.9,16.6,21.3,1.4,6.8,0,242,0.1419354838709677,0,0.0,49,0.0287390029325513,56,0.0328445747800586,1148,0.6733137829912024,11,0.0064516129032258,0,0.0,44,0.0258064516129032,142,0.0832844574780058,CA,21,BELLFLOWER,1
bonita unified,1289.0,9957.0,0.1294566636537109,51.1,23.2,15.5,1.7,8.5,0,51,0.0395655546935609,0,0.0,49,0.0380139643134212,28,0.021722265321955,828,0.6423584173778123,39,0.030256012412723,0,0.0,55,0.0426687354538401,237,0.1838634600465477,CA,21,SAN DIMAS,1
brea-olinda unified,747.0,5895.0,0.1267175572519084,51.1,32.9,13.1,0.9,1.9,0,22,0.0294511378848728,0,0.0,99,0.1325301204819277,22,0.0294511378848728,376,0.5033467202141901,0,0.0,0,0.0,30,0.0401606425702811,189,0.253012048192771,CA,21,BREA,2
buckeye union elementary,1208.0,10189.0,0.1185592305427421,80.7,15.5,2.1,0.5,1.2,0,15,0.0124172185430463,0,0.0,41,0.0339403973509933,12,0.009933774834437,240,0.1986754966887417,23,0.0190397350993377,0,0.0,104,0.086092715231788,764,0.6324503311258278,CA,41,SHINGLE SPRINGS,0
buena park elementary,618.0,3784.0,0.1633192389006342,53.4,10.0,23.5,1.5,11.7,0,28,0.0453074433656957,0,0.0,46,0.0744336569579288,24,0.0388349514563106,465,0.7524271844660194,0,0.0,0,0.0,15,0.0242718446601941,26,0.0420711974110032,CA,21,BUENA PARK,1
burbank unified,1988.0,14240.0,0.1396067415730337,49.6,27.6,14.2,1.7,6.8,0,62,0.0311871227364185,0,0.0,66,0.0331991951710261,57,0.0286720321931589,923,0.4642857142857143,52,0.0261569416498993,0,0.0,104,0.0523138832997987,719,0.3616700201207243,CA,12,BURBANK,2
byron union elementary,307.0,2188.0,0.1403107861060329,79.5,9.4,5.5,1.0,4.6,0,23,0.0749185667752443,0,0.0,0,0.0,0,0.0,101,0.3289902280130293,0,0.0,0,0.0,34,0.1107491856677524,126,0.4104234527687296,CA,41,BYRON,0
campbell union high,1118.0,8613.0,0.1298037849761987,52.2,35.2,9.4,3.1,0.0,0,33,0.0295169946332737,0,0.0,84,0.0751341681574239,13,0.0116279069767441,593,0.5304114490161002,16,0.0143112701252236,0,0.0,57,0.0509838998211091,309,0.276386404293381,CA,11,SAN JOSE,2
capistrano unified,7331.0,48326.0,0.1516988784505235,61.4,18.0,13.4,1.6,5.5,0,155,0.0211430909834947,13,0.0017732915018414,216,0.0294639203382894,82,0.0111853771654617,2598,0.3543854862910926,661,0.0901650525167098,0,0.0,418,0.0570181421361342,3181,0.4339107897967535,CA,21,SAN JUAN CAPISTRANO,1
castro valley unified,1091.0,9489.0,0.1149752344820318,58.5,14.4,19.8,1.7,5.6,0,78,0.071494042163153,0,0.0,210,0.1924839596700275,37,0.0339138405132905,383,0.3510540788267644,38,0.0348304307974335,0,0.0,100,0.0916590284142988,241,0.2208982584784601,CA,21,CASTRO VALLEY,1
ceres unified,1636.0,14254.0,0.1147748000561246,58.9,16.4,16.1,1.8,6.8,0,30,0.0183374083129584,0,0.0,53,0.0323960880195599,0,0.0,1265,0.7732273838630807,0,0.0,0,0.0,28,0.0171149144254278,236,0.1442542787286063,CA,21,CERES,1
chaffey joint union high,3171.0,22628.0,0.1401361145483471,56.8,23.7,15.9,3.6,0.0,0,340,0.1072216966256701,18,0.0056764427625354,83,0.0261747082939135,28,0.0088300220750551,2204,0.6950488804793441,32,0.010091453800063,0,0.0,78,0.0245979186376537,378,0.119205298013245,CA,21,ONTARIO,2
chico unified,2302.0,14407.0,0.1597834386062331,53.2,26.0,11.2,0.2,9.4,0,77,0.0334491746307558,37,0.0160729800173761,69,0.0299739357080799,0,0.0,721,0.3132059079061685,72,0.0312771503040834,0,0.0,163,0.0708079930495221,1151,0.5,CA,13,CHICO,1
chino valley unified,3407.0,26473.0,0.1286971631473576,59.3,15.3,20.2,1.6,3.7,0,186,0.0545934840035221,0,0.0,260,0.0763134722629879,127,0.037276196066921,2262,0.6639272086879953,51,0.0149691810977399,0,0.0,119,0.0349280892280598,383,0.1124156149104784,CA,21,CHINO,1
chula vista elementary,4429.0,28964.0,0.1529139621599226,54.3,7.5,26.9,0.3,11.0,0,189,0.0426732896816437,0,0.0,44,0.0099345224655678,310,0.0699932264619553,3329,0.7516369383608038,0,0.0,16,0.0036125536238428,199,0.0449311356965455,327,0.0738315646872883,CA,21,CHULA VISTA,1
claremont unified,946.0,6261.0,0.1510940744290049,55.9,17.9,20.3,1.6,4.3,0,57,0.0602536997885835,0,0.0,43,0.0454545454545454,14,0.014799154334038,503,0.5317124735729387,22,0.0232558139534883,0,0.0,52,0.054968287526427,248,0.2621564482029598,CA,21,CLAREMONT,1
clovis unified,4693.0,43291.0,0.1084059042295165,55.6,11.5,20.7,1.4,10.8,0,224,0.0477306626891114,51,0.0108672490943959,514,0.1095248242062646,81,0.0172597485616876,2292,0.4883869593010867,42,0.0089494992542083,13,0.002770083102493,210,0.0447474962710419,1266,0.2697634775197102,CA,21,CLOVIS,1
compton unified,2624.0,19743.0,0.1329078660791166,60.6,7.2,26.1,1.6,4.5,0,672,0.2560975609756097,0,0.0,0,0.0,0,0.0,1901,0.7244664634146342,0,0.0,0,0.0,17,0.0064786585365853,0,0.0,CA,13,COMPTON,1
contra costa county office of education,880.0,6145.0,0.1432058584214808,63.9,10.0,15.7,9.1,1.4,0,149,0.1693181818181818,0,0.0,21,0.0238636363636363,17,0.0193181818181818,469,0.5329545454545455,35,0.0397727272727272,0,0.0,36,0.0409090909090909,147,0.1670454545454545,CA,22,PLEASANT HILL,0
corona-norco unified,7074.0,50256.0,0.1407593123209169,54.1,18.8,18.7,1.8,6.6,0,440,0.062199604184337,29,0.0040995193666949,451,0.0637545942889454,160,0.0226180378852134,4251,0.600932994062765,90,0.0127226463104325,13,0.0018377155781735,135,0.0190839694656488,1505,0.212750918857789,CA,21,NORCO,1
coronado unified,383.0,2739.0,0.1398320554947061,76.2,14.4,2.6,3.4,3.4,0,0,0.0,0,0.0,0,0.0,0,0.0,89,0.2323759791122715,28,0.0731070496083551,0,0.0,29,0.0757180156657963,221,0.577023498694517,CA,21,CORONADO,0
cotati-rohnert park unified,1003.0,6595.0,0.1520849128127369,55.4,14.1,17.0,4.3,9.2,0,26,0.0259222333000997,0,0.0,24,0.0239282153539381,0,0.0,451,0.4496510468594217,47,0.0468594217347956,0,0.0,50,0.0498504486540378,387,0.3858424725822532,CA,21,ROHNERT PARK,1
covina-valley unified,1697.0,11143.0,0.1522929193215471,39.0,33.5,17.9,1.8,7.9,0,66,0.0388921626399528,0,0.0,62,0.0365350618738951,39,0.022981732469063,1391,0.8196817913965821,0,0.0,0,0.0,23,0.013553329404832,99,0.0583382439599292,CA,21,COVINA,2
cupertino union,1127.0,13587.0,0.0829469345698093,61.1,15.4,14.6,0.7,8.1,0,20,0.0177462289263531,0,0.0,502,0.4454303460514641,21,0.0186335403726708,218,0.1934338952972493,62,0.0550133096716947,0,0.0,86,0.0763087843833185,213,0.188997338065661,CA,13,CUPERTINO,1
davis joint unified,1288.0,8361.0,0.1540485587848343,79.1,12.3,1.9,0.9,5.8,0,80,0.062111801242236,15,0.0116459627329192,88,0.0683229813664596,0,0.0,444,0.3447204968944099,22,0.0170807453416149,0,0.0,89,0.0690993788819875,540,0.4192546583850932,CA,23,DAVIS,0
dehesa elementary,1219.0,11667.0,0.1044827290648838,94.3,2.2,1.3,1.0,1.1,0,39,0.0319934372436423,0,0.0,37,0.0303527481542247,0,0.0,452,0.3707957342083675,30,0.0246103363412633,0,0.0,91,0.0746513535684987,551,0.4520098441345365,CA,11,EL CAJON,0
del norte county unified,670.0,3722.0,0.1800107469102633,54.5,22.2,11.8,0.6,10.9,0,0,0.0,106,0.1582089552238806,15,0.0223880597014925,0,0.0,157,0.2343283582089552,0,0.0,0,0.0,54,0.0805970149253731,329,0.491044776119403,CA,33,CRESCENT CITY,1
desert sands unified,3345.0,25898.0,0.1291605529384508,47.4,25.8,20.8,0.4,5.6,0,58,0.0173393124065769,0,0.0,39,0.0116591928251121,15,0.0044843049327354,2652,0.7928251121076233,62,0.0185351270553064,0,0.0,68,0.0203288490284005,441,0.1318385650224215,CA,21,LA QUINTA,2
dixon unified,526.0,3489.0,0.1507595299512754,71.5,5.7,12.4,2.1,8.4,0,24,0.0456273764258555,0,0.0,0,0.0,0,0.0,325,0.6178707224334601,11,0.0209125475285171,0,0.0,20,0.0380228136882129,130,0.247148288973384,CA,31,DIXON,0
duarte unified,1312.0,7465.0,0.1757535164099129,57.2,21.4,15.9,2.4,3.1,0,140,0.1067073170731707,0,0.0,30,0.0228658536585365,22,0.0167682926829268,903,0.6882621951219512,43,0.0327743902439024,0,0.0,47,0.0358231707317073,121,0.0922256097560975,CA,21,DUARTE,2
dublin unified,1028.0,12827.0,0.0801434474156077,48.0,17.8,26.6,1.1,6.6,0,77,0.0749027237354085,0,0.0,410,0.3988326848249027,50,0.0486381322957198,179,0.174124513618677,0,0.0,0,0.0,90,0.0875486381322957,212,0.2062256809338521,CA,21,DUBLIN,1
east side union high,2850.0,23714.0,0.1201821708695285,45.7,41.4,9.7,3.2,0.0,0,91,0.0319298245614035,0,0.0,377,0.1322807017543859,78,0.0273684210526315,2060,0.7228070175438597,0,0.0,15,0.0052631578947368,74,0.0259649122807017,141,0.0494736842105263,CA,11,SAN JOSE,2
east whittier city elementary,1115.0,7769.0,0.1435191144291414,37.8,28.5,20.4,1.7,11.6,0,12,0.010762331838565,0,0.0,0,0.0,0,0.0,960,0.8609865470852018,35,0.0313901345291479,0,0.0,12,0.010762331838565,77,0.0690582959641255,CA,21,WHITTIER,1
eastside union elementary,442.0,3114.0,0.1419396274887604,57.0,11.1,24.4,1.4,6.1,0,144,0.3257918552036199,0,0.0,0,0.0,0,0.0,252,0.5701357466063348,0,0.0,0,0.0,12,0.0271493212669683,24,0.0542986425339366,CA,41,LANCASTER,1
el dorado county office of education,566.0,2299.0,0.2461939973901696,38.0,4.8,30.4,2.1,24.7,0,0,0.0,0,0.0,19,0.0335689045936395,0,0.0,102,0.1802120141342756,0,0.0,0,0.0,30,0.0530035335689045,388,0.6855123674911661,CA,41,PLACERVILLE,1
el dorado union high,927.0,6541.0,0.1417214493196759,67.9,20.0,8.4,3.8,0.0,0,19,0.0204962243797195,13,0.0140237324703344,23,0.0248112189859762,11,0.011866235167206,210,0.2265372168284789,0,0.0,0,0.0,55,0.0593311758360302,594,0.6407766990291263,CA,32,PLACERVILLE,0
elk grove unified,9287.0,63518.0,0.1462105230013539,51.4,17.9,21.1,3.9,5.7,0,1507,0.1622698395606762,48,0.0051685151286744,1728,0.1860665446322816,317,0.0341337353289544,3181,0.3425218046731991,0,0.0,118,0.0127059330246581,917,0.0987401744373855,1463,0.1575320340260579,CA,21,ELK GROVE,1
encinitas union elementary,664.0,4444.0,0.1494149414941494,73.3,7.5,9.3,0.2,9.6,0,0,0.0,0,0.0,16,0.0240963855421686,0,0.0,194,0.2921686746987952,0,0.0,0,0.0,40,0.0602409638554216,387,0.5828313253012049,CA,13,ENCINITAS,0
escondido union high,1314.0,8916.0,0.1473755047106325,64.5,22.0,11.8,1.7,0.0,0,34,0.0258751902587519,0,0.0,21,0.0159817351598173,0,0.0,957,0.728310502283105,13,0.0098934550989345,0,0.0,25,0.0190258751902587,250,0.1902587519025875,CA,21,ESCONDIDO,2
etiwanda elementary,1786.0,13599.0,0.1313331862636958,73.7,4.2,13.8,1.0,7.2,0,175,0.0979843225083986,0,0.0,172,0.0963045912653975,56,0.0313549832026875,915,0.5123180291153415,50,0.0279955207166853,0,0.0,101,0.0565509518477043,308,0.1724524076147816,CA,21,ETIWANDA,0
eureka union,379.0,3315.0,0.1143288084464555,77.6,6.6,7.4,1.6,6.9,0,0,0.0,0,0.0,28,0.0738786279683377,0,0.0,64,0.1688654353562005,0,0.0,0,0.0,51,0.1345646437994723,220,0.5804749340369393,CA,21,GRANITE BAY,0
fairfield-suisun unified,3119.0,20413.0,0.1527947876353304,60.4,12.0,16.5,2.4,8.8,0,551,0.1766591856364219,0,0.0,113,0.0362295607566527,172,0.0551458800897723,1484,0.4757935235652453,0,0.0,16,0.0051298493106764,280,0.0897723629368387,489,0.1567810195575505,CA,12,FAIRFIELD,1
folsom-cordova unified,2911.0,21075.0,0.1381257413997627,50.9,21.2,17.9,2.9,7.1,0,231,0.0793541738234283,0,0.0,292,0.1003091721058055,69,0.0237031947784266,854,0.2933699759532807,0,0.0,21,0.0072140158021298,388,0.1332875300583991,1044,0.3586396427344555,CA,13,FOLSOM,1
fremont unified,3505.0,33063.0,0.1060097389831533,55.9,13.8,19.7,5.4,5.2,0,157,0.044793152639087,15,0.0042796005706134,1265,0.3609129814550642,161,0.0459343794579172,1294,0.3691868758915834,30,0.0085592011412268,22,0.0062767475035663,137,0.0390870185449358,424,0.1209700427960057,CA,12,FREMONT,1
fremont union high,971.0,9646.0,0.1006634874559402,46.5,42.9,6.4,4.1,0.0,0,22,0.0226570545829042,0,0.0,262,0.2698249227600412,20,0.0205973223480947,409,0.4212152420185376,14,0.0144181256436663,0,0.0,75,0.0772399588053553,160,0.164778578784758,CA,13,SUNNYVALE,2
fresno county office of education,1034.0,4130.0,0.250363196125908,39.2,4.2,36.3,17.8,2.6,0,67,0.0647969052224371,0,0.0,51,0.0493230174081237,0,0.0,757,0.7321083172147002,0,0.0,0,0.0,30,0.0290135396518375,111,0.1073500967117988,CA,11,FRESNO,3
fresno unified,10097.0,71480.0,0.1412562954672635,56.4,11.3,23.1,2.9,6.3,0,892,0.0883430721996632,82,0.008121224125978,816,0.0808160839853421,22,0.0021788650094087,7027,0.6959492918688719,0,0.0,97,0.0096068139051203,345,0.0341685649202733,814,0.0806180053481232,CA,11,FRESNO,1
fruitvale elementary,407.0,3078.0,0.1322287199480182,61.9,25.3,3.4,0.2,9.1,0,24,0.0589680589680589,0,0.0,0,0.0,0,0.0,213,0.5233415233415234,0,0.0,0,0.0,15,0.0368550368550368,130,0.3194103194103194,CA,11,BAKERSFIELD,1
fullerton joint union high,1388.0,12826.0,0.108217682831748,53.6,29.9,14.0,2.4,0.0,0,33,0.0237752161383285,0,0.0,68,0.0489913544668587,16,0.0115273775216138,1046,0.7536023054755043,25,0.0180115273775216,0,0.0,49,0.0353025936599423,144,0.1037463976945245,CA,12,FULLERTON,2
garden grove unified,5421.0,37763.0,0.1435532134629134,49.2,21.9,21.6,1.7,5.6,0,39,0.0071942446043165,0,0.0,1280,0.2361187972698764,53,0.0097767939494558,3480,0.6419479800774764,64,0.0118059398634938,22,0.004058291828076,105,0.0193691200885445,368,0.0678841542150894,CA,21,GARDEN GROVE,1
gilroy unified,1521.0,10784.0,0.1410422848664688,70.0,7.2,17.3,0.9,4.5,0,15,0.009861932938856,0,0.0,45,0.029585798816568,26,0.017094017094017,1117,0.7343852728468113,143,0.094017094017094,0,0.0,25,0.0164365548980933,144,0.0946745562130177,CA,23,GILROY,0
grossmont union high,3713.0,21697.0,0.1711296492602664,58.5,26.0,10.2,5.3,0.0,0,276,0.0743334231079989,24,0.0064637759224346,39,0.0105036358739563,27,0.007271747912739,1792,0.4826286022084567,11,0.0029625639644492,0,0.0,253,0.0681389711823323,1283,0.3455426878534877,CA,21,LA MESA,2
hanford elementary,627.0,5568.0,0.1126077586206896,79.3,2.9,15.2,0.0,2.7,0,38,0.0606060606060606,0,0.0,0,0.0,0,0.0,480,0.7655502392344498,0,0.0,0,0.0,19,0.0303030303030303,81,0.1291866028708134,CA,32,HANFORD,0
hawthorne,696.0,7025.0,0.0990747330960854,61.9,3.0,21.8,0.7,12.5,0,151,0.2169540229885057,0,0.0,0,0.0,0,0.0,471,0.6767241379310345,30,0.043103448275862,0,0.0,0,0.0,23,0.0330459770114942,CA,21,HAWTHORNE,1
hayward unified,2850.0,20193.0,0.1411380181250928,57.3,10.5,24.0,2.0,6.2,0,265,0.0929824561403508,0,0.0,150,0.0526315789473684,149,0.0522807017543859,1942,0.6814035087719298,23,0.0080701754385964,60,0.0210526315789473,119,0.0417543859649122,136,0.047719298245614,CA,12,HAYWARD,1
helendale elementary,968.0,7311.0,0.1324032280125837,86.4,9.8,2.7,0.5,0.6,0,50,0.0516528925619834,0,0.0,14,0.0144628099173553,0,0.0,540,0.5578512396694215,0,0.0,0,0.0,53,0.0547520661157024,291,0.3006198347107438,CA,41,HELENDALE,0
hesperia unified,3381.0,25356.0,0.133341221012778,53.5,22.3,19.6,1.5,3.1,0,334,0.0987873410233658,0,0.0,12,0.0035492457852706,0,0.0,2429,0.7184265010351967,0,0.0,0,0.0,73,0.0215912451937296,510,0.1508429458740017,CA,22,HESPERIA,2
hollister,897.0,6306.0,0.1422454804947669,69.3,4.2,16.8,8.2,1.3,0,0,0.0,0,0.0,0,0.0,0,0.0,757,0.8439241917502787,12,0.0133779264214046,0,0.0,13,0.0144927536231884,84,0.0936454849498327,CA,32,HOLLISTER,0
huntington beach union high,1603.0,14104.0,0.1136557005104934,39.2,40.5,18.5,1.7,0.0,0,28,0.0174672489082969,0,0.0,218,0.1359950093574547,0,0.0,723,0.4510293200249532,14,0.0087336244541484,0,0.0,67,0.0417966313162819,528,0.329382407985028,CA,21,HUNTINGTON BEACH,2
irvine unified,3878.0,37952.0,0.1021817032040472,62.7,9.5,16.5,2.2,9.1,0,163,0.0420319752449716,0,0.0,1192,0.3073749355337803,95,0.0244971634863331,891,0.2297576070139247,0,0.0,12,0.003094378545642,415,0.1070139247034553,1095,0.2823620422898401,CA,12,IRVINE,1
jefferson elementary,1073.0,8890.0,0.120697412823397,57.7,8.9,21.0,0.3,12.0,0,24,0.0223671947809878,0,0.0,76,0.0708294501397949,0,0.0,105,0.097856477166822,0,0.0,0,0.0,16,0.0149114631873252,55,0.0512581547064305,CA,21,DALY CITY,1
jefferson union high,488.0,4155.0,0.1174488567990373,51.2,27.5,14.8,6.6,0.0,0,16,0.0327868852459016,0,0.0,34,0.0696721311475409,83,0.1700819672131147,222,0.4549180327868852,0,0.0,0,0.0,41,0.0840163934426229,86,0.1762295081967213,CA,43,PAICINES,2
jurupa unified,2335.0,18015.0,0.1296142103802386,57.2,14.9,21.5,2.8,3.6,0,64,0.0274089935760171,0,0.0,23,0.0098501070663811,0,0.0,2006,0.859100642398287,26,0.0111349036402569,0,0.0,21,0.0089935760171306,174,0.0745182012847965,CA,23,TRACY,1
kings county office of education,502.0,363.0,1.3829201101928374,1.4,2.8,37.1,26.3,32.5,0,20,0.0398406374501992,0,0.0,0,0.0,11,0.0219123505976095,349,0.6952191235059761,0,0.0,0,0.0,16,0.0318725099601593,86,0.1713147410358565,CA,21,DALY CITY,3
la mesa-spring valley,2099.0,11032.0,0.1902646845540246,50.1,27.9,12.1,0.7,9.2,0,189,0.0900428775607432,0,0.0,32,0.0152453549309194,42,0.0200095283468318,1202,0.5726536445926632,0,0.0,0,0.0,157,0.0747975226298237,464,0.2210576464983325,CA,21,RIVERSIDE,2
lake elsinore unified,3291.0,21257.0,0.1548195888413228,55.2,18.3,20.0,0.9,5.6,0,191,0.0580370707991491,12,0.0036463081130355,40,0.0121543603767851,35,0.010635065329687,2175,0.6608933454876937,15,0.0045578851412944,0,0.0,151,0.045882710422364,663,0.2014585232452142,CA,32,HANFORD,1
lake tahoe unified,497.0,3604.0,0.1379023307436182,76.5,8.9,9.3,0.8,4.6,0,0,0.0,0,0.0,0,0.0,0,0.0,278,0.5593561368209256,0,0.0,0,0.0,18,0.0362173038229376,179,0.3601609657947686,CA,21,LA MESA,0
lancaster elementary,2355.0,14837.0,0.1587248095976275,59.7,6.4,25.7,1.6,6.7,0,794,0.3371549893842887,46,0.0195329087048832,27,0.0114649681528662,19,0.0080679405520169,550,0.2335456475583864,17,0.0072186836518046,16,0.0067940552016985,114,0.0484076433121019,772,0.3278131634819533,CA,22,LAKE ELSINORE,1
las virgenes unified,1171.0,9660.0,0.1212215320910973,45.0,41.3,6.7,1.4,5.6,0,29,0.0247651579846285,0,0.0,44,0.0375747224594363,0,0.0,215,0.1836037574722459,43,0.0367207514944491,0,0.0,84,0.0717335610589239,746,0.637062339880444,CA,32,SOUTH LAKE TAHOE,2
lawndale elementary,774.0,4910.0,0.1576374745417515,59.9,13.4,13.4,0.9,12.3,0,82,0.1059431524547803,0,0.0,20,0.0258397932816537,0,0.0,607,0.7842377260981912,11,0.0142118863049095,0,0.0,15,0.0193798449612403,29,0.0374677002583979,CA,21,LANCASTER,1
liberty union high,1271.0,8241.0,0.154228855721393,40.9,39.4,17.5,2.2,0.0,0,198,0.1557828481510621,0,0.0,36,0.028324154209284,31,0.024390243902439,501,0.3941778127458694,19,0.014948859166011,0,0.0,70,0.05507474429583,402,0.3162863886703383,CA,22,CALABASAS,2
lincoln unified,1169.0,8773.0,0.1332497435312891,57.6,23.1,13.8,0.9,4.6,0,191,0.1633875106928999,0,0.0,64,0.0547476475620188,24,0.020530367835757,642,0.5491873396065012,0,0.0,0,0.0,70,0.059880239520958,164,0.1402908468776732,CA,21,LAWNDALE,2
live oak elementary,275.0,1675.0,0.1641791044776119,69.5,11.6,10.9,0.7,7.3,0,0,0.0,0,0.0,0,0.0,0,0.0,181,0.6581818181818182,0,0.0,0,0.0,0,0.0,70,0.2545454545454545,CA,22,BRENTWOOD,0
lodi unified,4903.0,30068.0,0.1630637222296128,53.6,9.0,27.9,2.0,7.6,0,438,0.0893330613909851,12,0.0024474811339995,664,0.1354272894146441,127,0.0259025086681623,2479,0.5056088109320824,136,0.027738119518662,40,0.0081582704466653,179,0.0365082602488272,828,0.1688761982459718,CA,11,STOCKTON,1
lompoc unified,1623.0,9413.0,0.1724211197280357,65.6,21.0,10.7,1.0,1.6,0,48,0.0295748613678373,12,0.0073937153419593,15,0.0092421441774491,0,0.0,1173,0.722735674676525,13,0.0080098582871226,0,0.0,69,0.0425138632162661,282,0.1737523105360443,CA,22,SANTA CRUZ,0
long beach unified,9570.0,64267.0,0.1489100160268878,59.9,9.2,20.9,3.1,6.9,0,1532,0.1600835945663531,20,0.0020898641588296,474,0.0495297805642633,185,0.0193312434691745,5764,0.6022988505747127,0,0.0,73,0.0076280041797283,429,0.0448275862068965,1091,0.1140020898641588,CA,23,LODI,1
los alamitos unified,1197.0,8931.0,0.1340275445078938,67.2,14.4,11.7,1.3,5.5,0,27,0.0225563909774436,0,0.0,113,0.0944026733500417,27,0.0225563909774436,411,0.3433583959899749,26,0.0217209690893901,0,0.0,128,0.1069340016708437,460,0.3842940685045948,CA,23,LOMPOC,0
los angeles county office of education,1463.0,8680.0,0.1685483870967742,78.7,4.9,2.9,13.3,0.3,0,273,0.1866028708133971,0,0.0,0,0.0,0,0.0,1021,0.6978810663021189,16,0.0109364319890635,0,0.0,30,0.0205058099794941,103,0.0704032809295967,CA,11,LONG BEACH,0
los angeles unified,83528.0,529902.0,0.1576291465214322,60.8,11.8,15.0,3.6,8.8,0,7528,0.0901254669092998,98,0.0011732592663537,1527,0.0182812948951249,926,0.0110861028637103,62536,0.7486830763336845,2894,0.0346470644574274,95,0.0011373431663633,1298,0.0155396992625227,6626,0.0793266928455128,CA,21,LOS ALAMITOS,1
lucerne valley unified,1705.0,12716.0,0.1340830449826989,90.1,6.1,2.8,0.5,0.5,0,163,0.0956011730205278,0,0.0,18,0.0105571847507331,0,0.0,934,0.547800586510264,42,0.0246334310850439,0,0.0,84,0.0492668621700879,443,0.2598240469208211,CA,21,DOWNEY,0
lucia mar unified,1547.0,9621.0,0.1607940962477912,58.0,21.1,14.0,0.2,6.7,0,0,0.0,0,0.0,0,0.0,12,0.0077569489334195,871,0.5630252100840336,13,0.0084033613445378,0,0.0,58,0.037491919844861,577,0.3729799612152553,CA,11,LOS ANGELES,1
maricopa unified,1469.0,14535.0,0.1010663914688682,92.0,5.4,2.0,0.1,0.4,0,80,0.0544588155207624,0,0.0,31,0.0211027910142954,11,0.0074880871341048,619,0.4213750850918992,13,0.0088495575221238,0,0.0,107,0.0728386657590197,596,0.40571817562968,CA,42,LUCERNE VALLEY,0
martinez unified,636.0,3771.0,0.1686555290373906,52.5,23.4,16.4,2.5,5.2,0,17,0.0267295597484276,0,0.0,18,0.0283018867924528,14,0.0220125786163522,217,0.3411949685534591,19,0.0298742138364779,0,0.0,60,0.0943396226415094,287,0.4512578616352201,CA,31,ARROYO GRANDE,2
marysville joint unified,1617.0,10539.0,0.1534301167093652,63.1,21.0,6.7,0.9,8.2,0,72,0.0445269016697588,33,0.0204081632653061,91,0.0562770562770562,0,0.0,700,0.4329004329004329,25,0.015460729746444,0,0.0,86,0.0531849103277674,600,0.3710575139146567,CA,41,MARICOPA,1
merced city elementary,1004.0,11013.0,0.0911649868337419,71.1,11.1,12.1,2.1,3.7,0,63,0.0627490039840637,0,0.0,64,0.0637450199203187,0,0.0,689,0.6862549800796812,18,0.0179282868525896,0,0.0,35,0.0348605577689243,125,0.1245019920318725,CA,21,MARTINEZ,0
merced union high,1217.0,11120.0,0.1094424460431654,74.1,24.5,1.4,0.0,0.0,0,65,0.0534100246507806,0,0.0,45,0.0369761709120788,0,0.0,911,0.7485620377978636,0,0.0,0,0.0,11,0.0090386195562859,166,0.1364009860312243,CA,23,MARYSVILLE,0
milpitas unified,1013.0,10199.0,0.0993234630846161,45.7,22.5,24.2,1.1,6.5,0,50,0.0493583415597235,0,0.0,327,0.3228035538005923,124,0.1224086870681145,368,0.3632773938795656,0,0.0,0,0.0,75,0.0740375123395853,52,0.0513326752221125,CA,13,MERCED,1
modesto city elementary,2141.0,15270.0,0.1402095612311722,61.8,8.8,16.5,1.5,11.4,0,55,0.0256889304063521,0,0.0,48,0.0224194301728164,0,0.0,1512,0.7062120504437179,39,0.0182157870154133,0,0.0,107,0.0499766464269033,364,0.170014012143858,CA,13,ATWATER,1
modesto city high,2082.0,16161.0,0.1288286615927232,57.1,28.6,11.9,2.4,0.0,0,71,0.0341018251681075,13,0.0062439961575408,62,0.0297790585975024,17,0.0081652257444764,1337,0.6421709894332372,81,0.0389048991354466,0,0.0,96,0.0461095100864553,399,0.1916426512968299,CA,13,MILPITAS,2
monrovia unified,680.0,4935.0,0.1377912867274569,53.4,20.4,18.7,1.0,6.5,0,39,0.0573529411764705,0,0.0,40,0.0588235294117647,0,0.0,474,0.6970588235294117,0,0.0,0,0.0,27,0.0397058823529411,87,0.1279411764705882,CA,12,MODESTO,1
monterey county office of education,527.0,1853.0,0.2844036697247706,37.0,2.1,36.8,17.3,6.8,0,0,0.0,0,0.0,0,0.0,0,0.0,389,0.7381404174573055,0,0.0,0,0.0,15,0.0284629981024667,85,0.1612903225806451,CA,12,MODESTO,3
monterey peninsula unified,1667.0,9836.0,0.1694794631964213,61.1,9.8,20.0,0.5,8.5,0,86,0.0515896820635872,0,0.0,64,0.0383923215356928,38,0.0227954409118176,1048,0.6286742651469706,12,0.0071985602879424,13,0.0077984403119376,73,0.0437912417516496,328,0.1967606478704259,CA,21,MONROVIA,1
moraga elementary,212.0,1775.0,0.1194366197183098,82.1,5.2,3.3,2.8,6.6,0,0,0.0,0,0.0,13,0.0613207547169811,0,0.0,36,0.1698113207547169,0,0.0,0,0.0,29,0.1367924528301886,118,0.5566037735849056,CA,12,SALINAS,0
moreno valley unified,4763.0,31344.0,0.1519589076059214,60.2,12.8,21.8,4.4,0.8,0,703,0.1475960529078312,15,0.0031492756665966,66,0.0138568129330254,29,0.0060885996220869,3480,0.7306319546504304,41,0.0086080201553642,25,0.0052487927776611,118,0.0247743019105605,286,0.0600461893764434,CA,22,MONTEREY,1
morongo unified,1263.0,7359.0,0.1716265796983286,49.7,26.7,18.4,1.0,4.3,0,132,0.1045130641330166,14,0.0110847189231987,12,0.009501187648456,12,0.009501187648456,456,0.3610451306413301,0,0.0,0,0.0,38,0.0300870942201108,586,0.4639746634996041,CA,21,MORAGA,2
mountain empire unified,623.0,4284.0,0.1454248366013072,77.0,13.5,7.1,0.8,1.6,0,25,0.0401284109149277,21,0.0337078651685393,0,0.0,0,0.0,320,0.5136436597110754,0,0.0,0,0.0,45,0.0722311396468699,201,0.3226324237560192,CA,21,MORENO VALLEY,0
mountain view elementary,1003.0,7798.0,0.128622723775327,56.0,6.3,22.1,1.7,14.0,0,0,0.0,0,0.0,27,0.0269192422731804,0,0.0,616,0.6141575274177468,0,0.0,0,0.0,0,0.0,0,0.0,CA,41,TWENTYNINE PALMS,1
mt. diablo unified,4161.0,30010.0,0.1386537820726424,57.1,13.4,19.7,5.5,4.3,0,219,0.0526315789473684,0,0.0,221,0.0531122326363854,144,0.0346070656092285,2011,0.483297284306657,143,0.03436673876472,17,0.004085556356645,280,0.0672915164623888,1119,0.2689257390050468,CA,42,PINE VALLEY,1
murrieta valley unified,4307.0,22317.0,0.1929918895908948,57.0,18.2,19.2,0.6,5.0,0,299,0.0694218713721848,14,0.0032505224053865,91,0.0211283956350127,115,0.0267007197585326,1943,0.4511260738332946,76,0.0176456930578128,24,0.0055723241235198,350,0.0812630601346645,1395,0.3238913396795914,CA,12,ONTARIO,1
napa valley unified,2358.0,16393.0,0.1438418837308607,57.4,18.7,14.7,1.2,8.0,0,51,0.0216284987277353,0,0.0,31,0.0131467345207803,97,0.0411365564037319,1499,0.6357082273112807,0,0.0,0,0.0,88,0.0373197625106022,578,0.2451229855810008,CA,21,EL MONTE,1
natomas unified,2245.0,16813.0,0.1335276274311544,73.0,4.7,15.0,1.4,6.0,0,586,0.2610244988864142,0,0.0,249,0.110913140311804,53,0.0236080178173719,820,0.3652561247216035,0,0.0,14,0.0062360801781737,207,0.0922048997772828,304,0.1354120267260579,CA,21,CONCORD,0
new haven unified,1183.0,10052.0,0.1176880222841225,55.8,19.9,19.3,0.8,4.2,0,83,0.070160608622147,0,0.0,202,0.1707523245984784,156,0.1318681318681318,569,0.4809805579036348,0,0.0,18,0.0152155536770921,55,0.0464919695688926,89,0.0752324598478444,CA,41,MURRIETA,1
new jerusalem elementary,871.0,6888.0,0.126451800232288,86.3,8.8,3.4,1.3,0.1,0,111,0.1274397244546498,0,0.0,30,0.0344431687715269,13,0.0149253731343283,437,0.5017221584385764,0,0.0,0,0.0,65,0.0746268656716417,205,0.235361653272101,CA,13,NAPA,0
newark unified,713.0,4828.0,0.1476801988400994,60.0,11.6,21.7,1.5,5.0,0,20,0.0280504908835904,0,0.0,80,0.1122019635343618,32,0.0448807854137447,441,0.6185133239831697,13,0.0182328190743338,0,0.0,45,0.0631136044880785,71,0.0995792426367461,CA,41,SACRAMENTO,1
newport-mesa unified,2602.0,17768.0,0.1464430436740207,56.1,22.1,12.9,2.8,6.0,0,37,0.0142198308993082,0,0.0,76,0.0292083013066871,19,0.0073020753266717,1421,0.5461183704842429,30,0.0115295926210607,0,0.0,133,0.0511145272867025,872,0.3351268255188316,CA,21,UNION CITY,1
north monterey county unified,598.0,4435.0,0.134836527621195,75.9,6.5,15.1,0.3,2.2,0,0,0.0,0,0.0,0,0.0,0,0.0,517,0.8645484949832776,0,0.0,0,0.0,0,0.0,66,0.1103678929765886,CA,42,TRACY,0
norwalk-la mirada unified,2268.0,15052.0,0.1506776508105235,55.3,15.6,21.6,1.2,6.3,0,64,0.0282186948853615,0,0.0,56,0.0246913580246913,49,0.0216049382716049,1872,0.8253968253968254,29,0.0127865961199294,0,0.0,38,0.0167548500881834,151,0.0665784832451499,CA,21,NEWARK,1
novato unified,937.0,7475.0,0.1253511705685618,62.3,12.2,11.6,5.1,8.8,0,29,0.0309498399146211,0,0.0,26,0.0277481323372465,0,0.0,485,0.5176093916755603,0,0.0,0,0.0,60,0.064034151547492,321,0.3425827107790822,CA,12,COSTA MESA,1
oak grove elementary,1125.0,8714.0,0.1291025935276566,49.6,12.4,23.6,2.3,12.2,0,37,0.0328888888888888,0,0.0,171,0.152,32,0.0284444444444444,661,0.5875555555555556,0,0.0,0,0.0,62,0.0551111111111111,152,0.1351111111111111,CA,22,MOSS LANDING,1
oakdale joint unified,777.0,5173.0,0.1502029769959404,63.6,18.8,11.2,1.5,4.9,0,16,0.0205920205920205,0,0.0,0,0.0,0,0.0,340,0.4375804375804376,0,0.0,0,0.0,34,0.0437580437580437,371,0.4774774774774775,CA,21,NORWALK,1
oakland unified,7248.0,45086.0,0.1607594375194073,66.0,7.5,20.2,1.8,4.5,0,2104,0.2902869757174393,17,0.0023454746136865,455,0.0627759381898454,46,0.0063465783664459,3476,0.4795805739514349,205,0.0282836644591611,31,0.0042770419426048,379,0.0522902869757174,535,0.0738134657836644,CA,22,NOVATO,1
oakley union elementary,881.0,5098.0,0.1728128677912907,48.1,31.0,9.5,1.1,10.2,0,111,0.1259931895573212,0,0.0,32,0.0363223609534619,35,0.039727582292849,442,0.5017026106696936,0,0.0,0,0.0,38,0.043132803632236,212,0.2406356413166855,CA,11,SAN JOSE,2
ocean view,1280.0,8975.0,0.1426183844011142,48.3,14.3,25.3,0.8,11.3,0,25,0.01953125,0,0.0,130,0.1015625,0,0.0,499,0.38984375,15,0.01171875,0,0.0,35,0.02734375,302,0.2359375,CA,31,OAKDALE,1
oceanside unified,3121.0,17839.0,0.1749537530130612,56.8,22.1,13.4,1.3,6.4,0,150,0.0480615187439923,14,0.0044857417494392,33,0.0105735341236783,40,0.0128164049983979,1924,0.6164690804229414,35,0.0112143543735982,33,0.0105735341236783,189,0.0605575136174303,703,0.2252483178468439,CA,11,OAKLAND,1
orange county department of education,1782.0,13251.0,0.1344804165723341,67.9,6.5,18.8,6.0,0.8,0,67,0.0375982042648709,17,0.0095398428731762,121,0.0679012345679012,27,0.0151515151515151,1010,0.5667789001122334,42,0.0235690235690235,0,0.0,78,0.0437710437710437,415,0.2328843995510662,CA,22,OAKLEY,0
orange unified,3403.0,25364.0,0.1341665352468065,61.6,18.1,12.5,1.5,6.3,0,55,0.0161622098148692,0,0.0,149,0.0437848956802821,55,0.0161622098148692,2221,0.6526594181604467,70,0.0205700852189244,0,0.0,102,0.0299735527475756,738,0.216867469879518,CA,21,HUNTINGTON BEACH,1
orinda union elementary,247.0,2554.0,0.0967110415035238,92.7,3.2,0.4,2.0,1.6,0,0,0.0,0,0.0,23,0.0931174089068826,0,0.0,24,0.097165991902834,0,0.0,0,0.0,31,0.1255060728744939,151,0.611336032388664,CA,21,OCEANSIDE,0
pacific grove unified,253.0,1727.0,0.1464968152866242,70.4,18.2,6.3,0.8,4.3,0,11,0.0434782608695652,0,0.0,14,0.0553359683794466,0,0.0,78,0.308300395256917,0,0.0,0,0.0,0,0.0,117,0.4624505928853755,CA,12,COSTA MESA,0
pajaro valley unified,2840.0,17520.0,0.1621004566210045,60.0,14.8,18.0,1.0,6.2,0,0,0.0,0,0.0,11,0.0038732394366197,0,0.0,2463,0.8672535211267606,0,0.0,0,0.0,37,0.0130281690140845,305,0.1073943661971831,CA,12,ORANGE,1
palmdale elementary,3346.0,21205.0,0.1577929733553407,57.8,8.6,29.3,2.2,2.1,0,602,0.1799163179916318,44,0.0131500298864315,0,0.0,12,0.0035863717872086,2411,0.7205618649133293,0,0.0,0,0.0,74,0.022115959354453,182,0.0543933054393305,CA,21,ORINDA,1
palo alto unified,1116.0,10271.0,0.1086554376399571,65.5,19.0,10.4,1.3,3.8,0,52,0.046594982078853,0,0.0,241,0.2159498207885304,0,0.0,381,0.3413978494623655,0,0.0,22,0.0197132616487455,89,0.0797491039426523,324,0.2903225806451613,CA,22,PACIFIC GROVE,0
palos verdes peninsula unified,1275.0,10393.0,0.1226787260656211,75.1,9.2,9.2,2.2,4.3,0,38,0.0298039215686274,0,0.0,196,0.1537254901960784,20,0.0156862745098039,279,0.2188235294117647,12,0.0094117647058823,0,0.0,145,0.1137254901960784,582,0.4564705882352941,CA,13,WATSONVILLE,0
panama-buena vista union,2744.0,19369.0,0.1416696783520057,52.9,11.2,23.2,0.3,12.4,0,253,0.092201166180758,13,0.004737609329446,150,0.0546647230320699,20,0.0072886297376093,1727,0.6293731778425656,96,0.0349854227405247,0,0.0,54,0.0196793002915451,423,0.1541545189504373,CA,21,PALMDALE,1
paramount unified,1744.0,12042.0,0.1448264407905663,54.4,8.8,30.0,2.2,4.6,0,174,0.0997706422018348,0,0.0,17,0.0097477064220183,0,0.0,1492,0.8555045871559633,0,0.0,0,0.0,25,0.0143348623853211,22,0.0126146788990825,CA,13,PALO ALTO,1
pasadena unified,2406.0,15219.0,0.1580918588606347,55.0,17.7,18.9,3.9,4.4,0,337,0.1400665004156276,0,0.0,73,0.0303408146300914,39,0.0162094763092269,1443,0.5997506234413965,38,0.0157938487115544,0,0.0,90,0.0374064837905236,377,0.156691604322527,CA,21,PALOS VERDES ESTATES,1
paso robles joint unified,1020.0,6252.0,0.1631477927063339,56.1,19.5,14.2,0.1,10.1,0,0,0.0,0,0.0,0,0.0,0,0.0,623,0.6107843137254902,18,0.0176470588235294,0,0.0,34,0.0333333333333333,331,0.3245098039215686,CA,11,BAKERSFIELD,1
patterson joint unified,1085.0,6138.0,0.1767676767676767,47.8,23.4,23.2,0.9,4.6,0,48,0.0442396313364055,0,0.0,20,0.0184331797235023,0,0.0,851,0.784331797235023,33,0.0304147465437788,0,0.0,23,0.0211981566820276,88,0.0811059907834101,CA,13,PARAMOUNT,2
perris union high,1852.0,11973.0,0.1546813664077507,47.8,29.3,19.3,3.6,0.0,0,172,0.0928725701943844,0,0.0,11,0.0059395248380129,28,0.0151187904967602,1248,0.673866090712743,0,0.0,0,0.0,78,0.0421166306695464,297,0.1603671706263499,CA,12,PASADENA,2
petaluma city elementary,577.0,2457.0,0.2348392348392348,53.2,3.6,29.1,0.7,13.3,0,0,0.0,0,0.0,0,0.0,0,0.0,221,0.3830155979202773,0,0.0,0,0.0,30,0.0519930675909878,296,0.512998266897747,CA,13,PASO ROBLES,1
petaluma joint union high,799.0,4931.0,0.1620360981545325,58.4,32.9,3.6,5.0,0.0,0,0,0.0,0,0.0,13,0.016270337922403,0,0.0,374,0.4680851063829787,0,0.0,0,0.0,31,0.0387984981226533,358,0.4480600750938673,CA,31,PATTERSON,2
pittsburg unified,1405.0,10709.0,0.1311980577084695,59.5,14.4,18.3,1.9,5.9,0,290,0.2064056939501779,0,0.0,21,0.0149466192170818,39,0.0277580071174377,900,0.6405693950177936,0,0.0,0,0.0,72,0.0512455516014234,71,0.0505338078291814,CA,21,PERRIS,1
placer county office of education,182.0,410.0,0.4439024390243902,31.9,0.5,45.6,11.0,11.0,0,0,0.0,0,0.0,0,0.0,0,0.0,42,0.2307692307692307,0,0.0,0,0.0,13,0.0714285714285714,101,0.554945054945055,CA,13,PETALUMA,3
pleasant valley,1096.0,6943.0,0.157856834221518,60.6,15.3,16.0,0.3,7.8,0,37,0.0337591240875912,0,0.0,47,0.0428832116788321,31,0.0282846715328467,580,0.5291970802919708,0,0.0,0,0.0,53,0.0483576642335766,345,0.3147810218978102,CA,13,PETALUMA,1
pleasanton unified,1238.0,13696.0,0.0903913551401869,52.6,22.6,15.8,1.9,7.0,0,61,0.0492730210016155,0,0.0,349,0.2819063004846526,20,0.0161550888529886,272,0.2197092084006462,0,0.0,0,0.0,100,0.0807754442649434,423,0.3416801292407108,CA,22,PITTSBURG,1
pomona unified,3217.0,21633.0,0.1487079924189895,43.5,18.5,29.4,2.7,5.9,0,173,0.0537768106931924,0,0.0,87,0.027043829654958,31,0.0096363071184333,2722,0.8461299347217904,47,0.0146098849860118,11,0.0034193347839602,22,0.0068386695679204,119,0.036990985390115,CA,21,AUBURN,1
porterville unified,1161.0,13963.0,0.0831483205614839,60.6,27.5,9.9,0.3,1.6,0,0,0.0,32,0.0275624461670973,12,0.0103359173126615,0,0.0,938,0.8079242032730405,15,0.0129198966408268,0,0.0,16,0.0137812230835486,138,0.1188630490956072,CA,13,CAMARILLO,2
poway unified,5564.0,34935.0,0.1592672105338485,61.2,18.4,13.1,1.2,6.1,0,175,0.0314521926671459,14,0.0025161754133716,747,0.1342559309849029,305,0.0548166786484543,1479,0.2658159597411934,0,0.0,0,0.0,604,0.1085549964054636,2232,0.4011502516175413,CA,13,PLEASANTON,1
redding elementary,516.0,3239.0,0.1593084285273232,62.6,8.7,14.3,1.0,13.4,0,11,0.0213178294573643,22,0.0426356589147286,0,0.0,0,0.0,110,0.2131782945736434,11,0.0213178294573643,0,0.0,34,0.065891472868217,317,0.6143410852713178,CA,12,POMONA,1
redlands unified,3196.0,19920.0,0.1604417670682731,51.2,23.0,19.2,2.3,4.3,0,270,0.0844806007509386,13,0.0040675844806007,121,0.0378598247809762,51,0.0159574468085106,1885,0.5897997496871089,15,0.0046933667083854,0,0.0,169,0.0528785982478097,664,0.2077596996245306,CA,13,PORTERVILLE,2
rincon valley union elementary,549.0,3112.0,0.176413881748072,55.6,3.6,24.0,0.7,16.0,0,11,0.0200364298724954,13,0.02367941712204,16,0.029143897996357,0,0.0,219,0.3989071038251366,15,0.0273224043715847,0,0.0,43,0.0783242258652094,218,0.3970856102003643,CA,11,POWAY,1
ripon unified,688.0,5183.0,0.1327416554119236,74.1,14.2,8.0,0.7,2.9,0,42,0.0610465116279069,0,0.0,18,0.0261627906976744,0,0.0,260,0.377906976744186,14,0.0203488372093023,0,0.0,97,0.1409883720930232,244,0.3546511627906977,CA,13,REDDING,0
riverside county office of education,2549.0,13534.0,0.1883404758386286,65.0,6.9,22.5,1.5,4.2,0,227,0.0890545311887014,22,0.0086308356218124,30,0.0117693213024715,16,0.0062769713613181,1531,0.6006276971361318,0,0.0,0,0.0,122,0.047861906630051,588,0.2306786975284425,CA,13,REDLANDS,1
riverside unified,5459.0,39505.0,0.138185039868371,50.1,20.4,23.5,1.0,5.1,0,407,0.0745557794467851,29,0.00531232826525,108,0.0197838431947243,40,0.0073273493313793,3838,0.7030591683458509,77,0.0141051474629052,12,0.0021982047994138,114,0.0208829455944312,834,0.1527752335592599,CA,12,SANTA ROSA,1
robla elementary,400.0,2585.0,0.1547388781431334,68.8,7.5,17.5,0.0,6.3,0,77,0.1925,0,0.0,47,0.1175,0,0.0,204,0.51,0,0.0,0,0.0,11,0.0275,47,0.1175,CA,21,RIPON,0
rocklin unified,1940.0,13206.0,0.146902922913827,65.9,17.5,10.2,1.2,5.3,0,47,0.0242268041237113,12,0.0061855670103092,128,0.0659793814432989,55,0.0283505154639175,455,0.2345360824742268,45,0.0231958762886597,0,0.0,156,0.0804123711340206,1038,0.5350515463917526,CA,11,RIVERSIDE,0
rosedale union elementary,807.0,6213.0,0.1298889425398358,56.0,15.7,16.7,0.0,11.5,0,27,0.0334572490706319,0,0.0,30,0.037174721189591,13,0.0161090458488228,337,0.4175960346964064,0,0.0,0,0.0,23,0.0285006195786864,364,0.4510532837670384,CA,11,RIVERSIDE,1
roseville city elementary,1810.0,12004.0,0.1507830723092302,65.3,5.1,16.9,0.7,12.0,0,73,0.0403314917127071,0,0.0,122,0.067403314917127,120,0.0662983425414364,500,0.2762430939226519,0,0.0,0,0.0,194,0.1071823204419889,790,0.43646408839779,CA,11,RIVERSIDE,1
roseville joint union high,1043.0,12626.0,0.0826073182322192,72.9,20.2,4.5,1.8,0.6,0,60,0.0575263662511984,12,0.0115052732502396,67,0.0642377756471716,28,0.0268456375838926,277,0.2655800575263662,35,0.0335570469798657,0,0.0,61,0.0584851390220517,496,0.4755512943432406,CA,11,SACRAMENTO,0
rowland unified,1857.0,13052.0,0.1422770456634998,62.4,12.1,15.0,1.7,8.8,0,67,0.0360796984383414,0,0.0,164,0.0883144857296715,84,0.0452342487883683,1418,0.7635971997845988,17,0.0091545503500269,0,0.0,22,0.0118470651588583,75,0.0403877221324717,CA,21,ROCKLIN,1
sacramento city unified,7071.0,42554.0,0.1661653428584857,63.4,7.9,20.1,4.1,4.5,0,1272,0.1798896902842596,55,0.0077782491868194,743,0.1050770753783057,64,0.009051053599208,3155,0.4461886578984585,15,0.0021213406873143,85,0.0120209305614481,578,0.0817423278178475,1104,0.1561306745863385,CA,21,BAKERSFIELD,1
sacramento county office of education,512.0,2832.0,0.1807909604519774,52.5,3.1,30.7,11.5,2.1,0,187,0.365234375,0,0.0,20,0.0390625,0,0.0,151,0.294921875,12,0.0234375,0,0.0,44,0.0859375,88,0.171875,CA,12,ROSEVILLE,3
saddleback valley unified,3350.0,23199.0,0.1444027759817233,45.9,29.0,14.0,2.1,8.9,0,56,0.0167164179104477,0,0.0,181,0.0540298507462686,87,0.0259701492537313,1623,0.4844776119402985,27,0.0080597014925373,0,0.0,220,0.0656716417910447,1146,0.342089552238806,CA,12,ROSEVILLE,2
salida union elementary,340.0,2990.0,0.1137123745819397,77.9,8.2,4.1,0.9,8.8,0,0,0.0,0,0.0,0,0.0,0,0.0,229,0.6735294117647059,0,0.0,0,0.0,12,0.0352941176470588,73,0.2147058823529411,CA,21,ROWLAND HEIGHTS,0
salinas union high,1897.0,16225.0,0.1169183359013867,76.4,21.2,1.8,0.5,0.0,0,17,0.0089615181866104,0,0.0,0,0.0,0,0.0,1747,0.9209277807063784,0,0.0,0,0.0,18,0.0094886663152345,91,0.047970479704797,CA,11,SACRAMENTO,0
san bernardino city unified,7068.0,49407.0,0.1430566518914323,57.0,10.7,26.4,2.0,3.9,0,808,0.1143180531975099,25,0.0035370684776457,59,0.0083474816072439,17,0.002405206564799,5602,0.7925863044708545,67,0.0094793435200905,16,0.0022637238256932,130,0.0183927560837577,344,0.0486700622524052,CA,21,MATHER,1
san bernardino county office of education,2530.0,6888.0,0.3673054587688734,26.4,2.5,57.5,11.5,2.2,0,344,0.1359683794466403,17,0.0067193675889328,49,0.0193675889328063,22,0.008695652173913,1551,0.6130434782608696,46,0.0181818181818181,0,0.0,99,0.0391304347826087,396,0.1565217391304348,CA,21,MISSION VIEJO,3
san carlos elementary,282.0,3137.0,0.0898948039528211,64.2,14.9,8.9,1.4,10.6,0,0,0.0,0,0.0,27,0.0957446808510638,0,0.0,72,0.2553191489361702,0,0.0,0,0.0,37,0.1312056737588652,132,0.4680851063829787,CA,21,SALIDA,1
san diego county office of education,1242.0,7464.0,0.1663987138263665,79.0,5.6,1.9,12.2,1.4,0,93,0.0748792270531401,0,0.0,109,0.0877616747181964,0,0.0,613,0.4935587761674718,21,0.0169082125603864,0,0.0,67,0.0539452495974235,326,0.2624798711755233,CA,12,SALINAS,0
san diego unified,20423.0,114330.0,0.1786320300883407,72.8,6.6,9.1,4.0,7.5,0,1825,0.08936003525437,44,0.0021544337266807,1060,0.0519022670518533,583,0.0285462468785193,11297,0.5531508593252705,58,0.0028399353669881,43,0.0021054693238015,1563,0.076531361700044,3950,0.1934093913724722,CA,12,SAN BERNARDINO,0
san dieguito union high,1421.0,12364.0,0.1149304432222581,70.9,20.1,7.4,1.5,0.0,0,30,0.0211118930330753,0,0.0,97,0.0682617874736101,0,0.0,388,0.2730471498944405,0,0.0,0,0.0,88,0.0619282195636875,793,0.558057705840957,CA,12,SAN BERNARDINO,0
san francisco unified,7529.0,55452.0,0.1357750847579888,67.6,11.1,17.0,2.7,1.6,0,977,0.1297649090184619,22,0.002922034798778,1380,0.1832912737415327,215,0.0285562491698764,3057,0.4060300172665693,434,0.0576437773940762,66,0.0087661043963341,515,0.0684021782441227,863,0.1146234559702483,CA,21,SAN CARLOS,0
san gabriel unified,565.0,4840.0,0.1167355371900826,49.7,14.7,28.1,1.8,5.7,0,0,0.0,0,0.0,116,0.2053097345132743,0,0.0,372,0.6584070796460177,0,0.0,0,0.0,17,0.0300884955752212,29,0.0513274336283185,CA,21,SAN DIEGO,1
san jacinto unified,1855.0,11970.0,0.1549707602339181,59.9,13.6,19.6,1.1,5.8,0,201,0.1083557951482479,30,0.0161725067385444,0,0.0,0,0.0,1378,0.7428571428571429,0,0.0,0,0.0,51,0.0274932614555256,166,0.089487870619946,CA,11,SAN DIEGO,1
san joaquin county office of education,1266.0,5205.0,0.2432276657060518,24.5,4.7,55.3,7.4,8.1,0,119,0.093996840442338,14,0.0110584518167456,137,0.108214849921011,56,0.0442338072669826,635,0.5015797788309637,31,0.0244865718799368,0,0.0,74,0.0584518167456556,193,0.1524486571879937,CA,11,ENCINITAS,3
san jose unified,3597.0,25976.0,0.1384739759778256,61.2,12.1,19.5,2.6,4.7,0,107,0.0297470113983875,0,0.0,220,0.0611620795107033,54,0.0150125104253544,2451,0.6814011676396997,0,0.0,0,0.0,173,0.0480956352515985,578,0.160689463441757,CA,11,SAN FRANCISCO,1
san juan unified,7301.0,49857.0,0.1464388150109312,64.9,12.5,13.8,3.0,5.8,0,742,0.1016299137104506,59,0.0080810847829064,328,0.0449253526914121,61,0.0083550198602931,2275,0.311601150527325,49,0.0067114093959731,38,0.0052047664703465,674,0.0923161210793042,3075,0.4211751814819888,CA,21,SAN GABRIEL,1
san leandro unified,1385.0,8741.0,0.1584486900812264,48.7,18.6,23.8,2.5,6.4,0,216,0.155956678700361,11,0.007942238267148,161,0.1162454873646209,53,0.0382671480144404,750,0.5415162454873647,30,0.0216606498194945,12,0.0086642599277978,56,0.0404332129963898,96,0.0693140794223826,CA,22,SAN JACINTO,1
san lorenzo unified,1161.0,9235.0,0.12571737953438,52.7,17.7,21.6,2.6,5.4,0,157,0.1352282515073212,0,0.0,110,0.094745908699397,53,0.0456503014642549,709,0.6106804478897502,0,0.0,17,0.0146425495262704,38,0.032730404823428,70,0.0602928509905254,CA,41,STOCKTON,1
san luis coastal unified,1274.0,7741.0,0.164578219868234,63.8,17.7,11.3,0.0,7.1,0,15,0.0117739403453689,0,0.0,22,0.0172684458398744,22,0.0172684458398744,511,0.4010989010989011,35,0.0274725274725274,0,0.0,54,0.0423861852433281,608,0.4772370486656201,CA,11,SAN JOSE,1
san marcos unified,2993.0,19456.0,0.1538342927631578,67.1,15.7,10.1,0.8,6.3,0,56,0.0187103240895422,0,0.0,94,0.0314066154360173,51,0.0170397594386902,1701,0.5683260942198463,0,0.0,0,0.0,187,0.0624791179418643,889,0.2970263949214834,CA,21,CARMICHAEL,0
san rafael city elementary,569.0,4356.0,0.1306244260789715,70.3,10.2,6.5,3.3,9.7,0,0,0.0,0,0.0,0,0.0,0,0.0,425,0.7469244288224957,0,0.0,0,0.0,12,0.0210896309314587,112,0.1968365553602812,CA,13,SAN LEANDRO,0
san ramon valley unified,3289.0,29235.0,0.1125021378484693,67.0,9.1,16.4,1.7,5.8,0,124,0.0377014290057768,0,0.0,772,0.2347217999391912,115,0.0349650349650349,506,0.1538461538461538,0,0.0,0,0.0,306,0.0930373973852234,1452,0.4414715719063545,CA,21,SAN LORENZO,0
santa ana unified,6635.0,40328.0,0.1645258877206903,49.4,21.0,21.9,1.1,6.6,0,22,0.0033157498116051,14,0.002110022607385,96,0.0144687264506405,15,0.0022607385079125,6359,0.9584024114544084,15,0.0022607385079125,0,0.0,16,0.00241145440844,91,0.013715146948003,CA,13,SAN LUIS OBISPO,1
santa clara county office of education,2020.0,10886.0,0.1855594341355869,48.1,4.2,32.0,12.6,3.2,0,66,0.0326732673267326,0,0.0,413,0.2044554455445544,62,0.0306930693069306,1153,0.5707920792079207,12,0.0059405940594059,0,0.0,39,0.0193069306930693,261,0.1292079207920792,CA,13,SAN MARCOS,3
santa clara unified,2151.0,14236.0,0.1510958134307389,56.0,15.2,18.7,1.8,8.3,0,75,0.0348675034867503,15,0.00697350069735,392,0.1822408182240818,90,0.0418410041841004,1124,0.5225476522547652,13,0.00604370060437,0,0.0,126,0.0585774058577405,309,0.1436541143654114,CA,13,SAN RAFAEL,1
santa cruz city high,627.0,4504.0,0.1392095914742451,68.6,22.5,6.9,2.1,0.0,0,12,0.0191387559808612,0,0.0,0,0.0,0,0.0,352,0.5614035087719298,0,0.0,0,0.0,30,0.0478468899521531,210,0.3349282296650718,CA,21,DANVILLE,0
santa cruz county office of education,287.0,1564.0,0.1835038363171355,55.7,2.8,34.8,1.7,4.9,0,0,0.0,0,0.0,0,0.0,0,0.0,122,0.4250871080139373,0,0.0,0,0.0,0,0.0,135,0.470383275261324,CA,11,SANTA ANA,1
santa maria joint union high,1173.0,8985.0,0.130550918196995,41.2,43.6,14.2,0.9,0.0,0,0,0.0,0,0.0,0,0.0,0,0.0,1015,0.8653026427962489,0,0.0,0,0.0,0,0.0,111,0.0946291560102301,CA,11,SAN JOSE,2
saratoga union elementary,163.0,1605.0,0.1015576323987539,69.3,16.0,10.4,0.0,4.3,0,0,0.0,0,0.0,55,0.3374233128834356,0,0.0,19,0.1165644171779141,15,0.0920245398773006,0,0.0,16,0.0981595092024539,51,0.3128834355828221,CA,12,SANTA CLARA,0
sequoia union high,1453.0,9741.0,0.1491633302535674,74.4,11.4,11.4,2.8,0.0,0,53,0.0364762560220234,0,0.0,48,0.0330350997935306,0,0.0,944,0.6496902959394356,0,0.0,18,0.0123881624225739,33,0.0227116311080523,338,0.2326221610461115,CA,13,SOQUEL,0
shasta union high,605.0,5501.0,0.1099800036357026,44.6,36.0,18.2,1.2,0.0,0,28,0.0462809917355371,44,0.0727272727272727,24,0.0396694214876033,0,0.0,107,0.1768595041322314,0,0.0,0,0.0,25,0.0413223140495867,366,0.6049586776859505,CA,41,CAPITOLA,2
sierra sands unified,831.0,5122.0,0.1622413119875048,61.7,11.3,23.5,0.7,2.8,0,88,0.1058965102286401,12,0.0144404332129963,0,0.0,14,0.0168471720818291,269,0.3237063778580024,0,0.0,0,0.0,41,0.049338146811071,391,0.470517448856799,CA,13,SANTA MARIA,1
snowline joint unified,1212.0,7967.0,0.1521275260449353,46.6,26.3,24.9,1.4,0.7,0,84,0.0693069306930693,12,0.0099009900990099,0,0.0,0,0.0,727,0.5998349834983498,73,0.0602310231023102,0,0.0,34,0.028052805280528,275,0.2268976897689769,CA,21,SARATOGA,2
sonoma county office of education,265.0,327.0,0.8103975535168195,6.0,0.4,78.9,14.7,0.0,0,0,0.0,0,0.0,0,0.0,0,0.0,139,0.5245283018867924,0,0.0,0,0.0,12,0.0452830188679245,90,0.3396226415094339,CA,21,REDWOOD CITY,3
sonoma valley unified,643.0,3572.0,0.1800111982082866,75.3,2.8,5.0,6.2,10.7,0,0,0.0,0,0.0,0,0.0,0,0.0,465,0.7231726283048211,0,0.0,0,0.0,13,0.0202177293934681,148,0.2301710730948678,CA,13,REDDING,0
south san francisco unified,1325.0,7770.0,0.1705276705276705,48.3,23.0,19.8,1.4,7.5,0,26,0.0196226415094339,0,0.0,104,0.0784905660377358,206,0.1554716981132075,782,0.5901886792452831,0,0.0,23,0.0173584905660377,69,0.0520754716981132,107,0.080754716981132,CA,33,RIDGECREST,1
southern kern unified,644.0,3683.0,0.1748574531631821,49.7,24.7,23.1,0.3,2.2,0,78,0.1211180124223602,0,0.0,0,0.0,0,0.0,368,0.5714285714285714,0,0.0,0,0.0,40,0.062111801242236,138,0.2142857142857142,CA,42,PHELAN,2
stanislaus county office of education,690.0,2291.0,0.3011785246617198,22.8,3.2,33.5,33.9,6.7,0,37,0.0536231884057971,12,0.017391304347826,24,0.0347826086956521,0,0.0,393,0.5695652173913044,12,0.017391304347826,0,0.0,25,0.036231884057971,178,0.2579710144927536,CA,12,SANTA ROSA,3
stanislaus union elementary,361.0,3297.0,0.1094934789202305,62.0,26.0,6.4,2.2,3.3,0,0,0.0,0,0.0,20,0.0554016620498614,0,0.0,221,0.6121883656509696,28,0.077562326869806,0,0.0,18,0.0498614958448753,53,0.1468144044321329,CA,31,SONOMA,2
stockton unified,5572.0,38730.0,0.1438678027368964,49.4,12.9,24.9,7.0,5.7,0,675,0.1211414213926776,36,0.0064608758076094,319,0.0572505384063173,120,0.0215362526920315,3859,0.6925699928212491,14,0.0025125628140703,15,0.0026920315865039,191,0.0342785355348169,343,0.0615577889447236,CA,13,SOUTH SAN FRANCISCO,1
sutter county office of education,368.0,472.0,0.7796610169491526,9.2,6.0,74.7,0.8,9.2,0,0,0.0,0,0.0,53,0.1440217391304347,0,0.0,160,0.4347826086956521,11,0.029891304347826,0,0.0,13,0.0353260869565217,117,0.3179347826086957,CA,31,ROSAMOND,3
sweetwater union high,5454.0,36686.0,0.1486670664558687,54.8,24.4,18.4,2.3,0.1,0,234,0.0429042904290429,26,0.0047671433810047,45,0.0082508250825082,213,0.039053905390539,4053,0.7431243124312431,28,0.0051338467180051,15,0.0027502750275027,199,0.0364869820315364,641,0.1175284195086175,CA,12,MODESTO,2
sylvan union elementary,1211.0,8013.0,0.1511294147011107,58.0,8.5,21.7,0.9,10.9,0,60,0.0495458298926507,0,0.0,63,0.0520231213872832,22,0.0181668042939719,673,0.555739058629232,27,0.0222956234516928,16,0.0132122213047068,54,0.0445912469033856,286,0.236168455821635,CA,12,MODESTO,1
tehachapi unified,640.0,4219.0,0.1516947143872955,49.5,31.7,13.9,0.2,4.7,0,17,0.0265625,0,0.0,0,0.0,0,0.0,273,0.4265625,0,0.0,0,0.0,18,0.028125,317,0.4953125,CA,11,STOCKTON,2
temecula valley unified,4526.0,28094.0,0.161102014665053,56.0,20.1,17.4,1.0,5.5,0,191,0.0422006186478126,40,0.0088378258948298,133,0.0293857711003093,139,0.0307114449845338,1991,0.4399027839151568,0,0.0,0,0.0,413,0.0912505523641184,1602,0.3539549270879363,CA,13,YUBA CITY,1
temple city unified,548.0,5253.0,0.10432134018656,56.0,23.0,13.5,1.1,6.4,0,0,0.0,0,0.0,173,0.3156934306569343,0,0.0,275,0.5018248175182481,0,0.0,0,0.0,25,0.0456204379562043,55,0.1003649635036496,CA,21,CHULA VISTA,1
thermalito union elementary,185.0,1520.0,0.1217105263157894,60.5,17.3,1.1,0.0,21.1,0,0,0.0,0,0.0,40,0.2162162162162162,0,0.0,24,0.1297297297297297,0,0.0,0,0.0,15,0.081081081081081,99,0.5351351351351351,CA,12,MODESTO,1
travis unified,782.0,5430.0,0.1440147329650092,68.3,11.0,10.6,1.2,9.0,0,126,0.1611253196930946,0,0.0,20,0.0255754475703324,46,0.0588235294117647,242,0.309462915601023,13,0.0166240409207161,0,0.0,117,0.149616368286445,205,0.2621483375959079,CA,32,TEHACHAPI,1
tulare county office of education,1384.0,3523.0,0.3928470053931308,19.8,4.5,60.0,14.5,1.3,0,17,0.0122832369942196,0,0.0,19,0.0137283236994219,0,0.0,1041,0.7521676300578035,0,0.0,0,0.0,18,0.0130057803468208,263,0.190028901734104,CA,13,TEMECULA,3
tulare joint union high,552.0,5673.0,0.0973030142781597,66.8,30.4,2.5,0.2,0.0,0,14,0.0253623188405797,0,0.0,0,0.0,0,0.0,453,0.8206521739130435,0,0.0,0,0.0,0,0.0,67,0.1213768115942029,CA,21,TEMPLE CITY,2
turlock unified,2004.0,13667.0,0.1466305699860979,55.7,12.6,21.5,1.8,8.4,0,41,0.0204590818363273,12,0.0059880239520958,68,0.0339321357285429,0,0.0,1309,0.6531936127744511,23,0.0114770459081836,0,0.0,31,0.0154690618762475,508,0.2534930139720558,CA,32,OROVILLE,1
tustin unified,3041.0,21600.0,0.140787037037037,62.2,13.4,16.2,1.9,6.3,0,88,0.0289378493916474,0,0.0,306,0.1006247944755014,55,0.0180861558697796,1822,0.5991450180861558,31,0.010194015126603,0,0.0,138,0.0453798092732653,586,0.1926997698125616,CA,41,TRAVIS AFB,1
union elementary,630.0,5371.0,0.1172965928132563,65.6,15.1,9.4,0.6,9.4,0,0,0.0,0,0.0,113,0.1793650793650793,0,0.0,212,0.3365079365079365,0,0.0,0,0.0,55,0.0873015873015873,225,0.3571428571428571,CA,12,VISALIA,1
vacaville unified,1937.0,13377.0,0.1448007774538386,50.2,23.2,15.8,1.6,9.2,0,176,0.0908621579762519,0,0.0,28,0.0144553433144037,44,0.0227155394940629,852,0.439855446566856,0,0.0,0,0.0,212,0.1094475993804852,600,0.3097573567372225,CA,31,TULARE,1
val verde unified,2632.0,19361.0,0.1359433913537523,54.6,19.4,18.7,1.3,6.0,0,354,0.1344984802431611,0,0.0,30,0.0113981762917933,0,0.0,2003,0.7610182370820668,27,0.0102583586626139,0,0.0,53,0.0201367781155015,145,0.0550911854103343,CA,23,TURLOCK,1
vallejo city unified,1590.0,11799.0,0.1347571828121027,61.6,8.9,23.4,3.0,3.1,0,465,0.2924528301886792,0,0.0,21,0.0132075471698113,130,0.0817610062893081,761,0.4786163522012578,18,0.0113207547169811,0,0.0,57,0.0358490566037735,124,0.0779874213836478,CA,13,TUSTIN,1
valley center-pauma unified,670.0,3711.0,0.1805443276744812,47.6,36.0,9.9,1.6,4.9,0,0,0.0,70,0.1044776119402985,0,0.0,0,0.0,406,0.6059701492537314,0,0.0,0,0.0,37,0.0552238805970149,144,0.2149253731343283,CA,11,SAN JOSE,2
victor valley union high,1758.0,12345.0,0.1424058323207776,39.1,16.2,43.4,1.4,0.0,0,413,0.2349260523321956,0,0.0,0,0.0,0,0.0,1080,0.6143344709897611,26,0.0147895335608646,0,0.0,81,0.046075085324232,138,0.0784982935153583,CA,23,VACAVILLE,1
visalia unified,3857.0,28893.0,0.133492541446025,65.4,16.7,9.2,0.9,7.8,0,70,0.0181488203266787,25,0.0064817215452424,86,0.0222971221156339,15,0.0038890329271454,2881,0.746953590873736,108,0.0280010370754472,0,0.0,105,0.0272232304900181,563,0.1459683691988592,CA,41,PERRIS,1
vista unified,4067.0,21524.0,0.1889518676825868,64.1,15.8,10.4,2.0,7.7,0,116,0.0285222522744037,12,0.00295057782149,32,0.0078682075239734,20,0.0049176297024834,2907,0.7147774772559626,0,0.0,14,0.0034423407917383,178,0.0437669043521022,783,0.1925252028522252,CA,12,VALLEJO,1
warner unified,342.0,2528.0,0.1352848101265822,88.3,3.8,6.7,0.6,0.6,0,21,0.0614035087719298,28,0.0818713450292397,11,0.0321637426900584,0,0.0,154,0.4502923976608187,0,0.0,0,0.0,27,0.0789473684210526,88,0.2573099415204678,CA,42,VALLEY CENTER,0
washington unified,1484.0,11042.0,0.134395942763992,76.2,7.6,14.2,0.9,1.2,0,35,0.0235849056603773,0,0.0,21,0.0141509433962264,15,0.0101078167115902,257,0.1731805929919137,0,0.0,0,0.0,0,0.0,25,0.0168463611859838,CA,13,VICTORVILLE,0
west contra costa unified,4579.0,29528.0,0.1550731509076131,61.8,6.2,20.4,2.4,9.2,0,844,0.1843197204629831,16,0.0034942127101987,270,0.0589648394846036,116,0.0253330421489408,2741,0.5986023149159205,0,0.0,16,0.0034942127101987,216,0.0471718715876829,350,0.0764359030355972,CA,12,VISALIA,1
west covina unified,1999.0,14750.0,0.1355254237288135,62.0,17.5,14.9,1.8,3.8,0,190,0.0950475237618809,0,0.0,126,0.0630315157578789,40,0.0200100050025012,1402,0.7013506753376688,0,0.0,0,0.0,74,0.0370185092546273,152,0.0760380190095047,CA,21,VISTA,1
western placer unified,1647.0,10905.0,0.1510316368638239,73.5,9.0,9.9,2.1,5.5,0,39,0.02367941712204,0,0.0,33,0.0200364298724954,36,0.0218579234972677,572,0.3472981177899211,24,0.0145719489981785,11,0.0066788099574984,113,0.0686095931997571,814,0.4942319368548877,CA,43,WARNER SPRINGS,0
william s. hart union high,3407.0,22135.0,0.1539191325954371,49.1,37.8,11.3,1.8,0.0,0,171,0.0501907836806574,0,0.0,85,0.0249486351628999,97,0.0284707954211916,1793,0.5262694452597593,0,0.0,0,0.0,133,0.0390372761960669,1103,0.3237452304079836,CA,21,WEST SACRAMENTO,2
woodland joint unified,1770.0,9483.0,0.1866497943688706,72.7,6.9,10.6,0.6,9.2,0,34,0.0192090395480226,12,0.0067796610169491,49,0.027683615819209,0,0.0,1273,0.7192090395480226,23,0.0129943502824858,0,0.0,64,0.0361581920903954,298,0.1683615819209039,CA,21,RICHMOND,0
yuba city unified,1556.0,12211.0,0.1274260912292195,72.8,8.5,7.2,0.8,10.7,0,29,0.018637532133676,13,0.0083547557840616,150,0.0964010282776349,0,0.0,802,0.5154241645244216,29,0.018637532133676,0,0.0,89,0.05719794344473,437,0.2808483290488432,CA,21,WEST COVINA,0
yucaipa-calimesa joint unified,1500.0,9519.0,0.1575795776867318,54.9,27.3,10.4,1.4,5.9,0,27,0.018,15,0.01,12,0.008,0,0.0,796,0.5306666666666666,0,0.0,0,0.0,30,0.02,610,0.4066666666666667,CA,31,LINCOLN,2
